ISO_Code,Country,year,GDP total
8,Albania,1990,14.7
8,Albania,1995,13.2
8,Albania,2000,16.8
8,Albania,2005,22.4
8,Albania,2010,28.9
8,Albania,2015,30.5
8,Albania,2018,34.0
12,Algeria,1990,265.3
12,Algeria,1995,268.7
12,Algeria,2000,318.4
12,Algeria,2005,410.2
12,Algeria,2010,464.9
12,Algeria,2015,511.1
12,Algeria,2018,575.3
24,Angola,1990,56.4
24,Angola,1995,47.5
24,Angola,2000,63.8
24,Angola,2005,99.4
24,Angola,2010,148.6
24,Angola,2015,172.9
24,Angola,2018,179.0
28,Antigua and Barbuda,1990,1.1
28,Antigua and Barbuda,1995,1.2
28,Antigua and Barbuda,2000,1.6
28,Antigua and Barbuda,2005,1.8
28,Antigua and Barbuda,2010,1.8
28,Antigua and Barbuda,2015,1.9
28,Antigua and Barbuda,2018,2.2
32,Argentina,1990,371
32,Argentina,1995,486.2
32,Argentina,2000,552.2
32,Argentina,2005,607.5
32,Argentina,2010,771.4
32,Argentina,2015,818.7
32,Argentina,2018,820.2
51,Armenia,1990,13.2
51,Armenia,1995,7
51,Armenia,2000,9
51,Armenia,2005,16
51,Armenia,2010,19.3
51,Armenia,2015,22.3
51,Armenia,2018,25.6
36,Australia,1990,489.2
36,Australia,1995,549.6
36,Australia,2000,677.9
36,Australia,2005,794.8
36,Australia,2010,915
36,Australia,2015,997.1
36,Australia,2018,1106.3
40,Austria,1990,240.6
40,Austria,1995,268.6
40,Austria,2000,311.2
40,Austria,2005,339.7
40,Austria,2010,362.4
40,Austria,2015,377.0
40,Austria,2018,400.6
31,Azerbaijan,1990,62.9
31,Azerbaijan,1995,26.3
31,Azerbaijan,2000,37.1
31,Azerbaijan,2005,68.7
31,Azerbaijan,2010,146.8
31,Azerbaijan,2015,154.3
31,Azerbaijan,2018,157.9
44,Bahamas,1990,7.9
44,Bahamas,1995,7.9
44,Bahamas,2000,9.8
44,Bahamas,2005,10.7
44,Bahamas,2010,10.5
44,Bahamas,2015,10.9
44,Bahamas,2018,10.9
48,Bahrain,1990,17.4
48,Bahrain,1995,24.2
48,Bahrain,2000,29.9
48,Bahrain,2005,38.4
48,Bahrain,2010,50.3
48,Bahrain,2015,55.9
48,Bahrain,2018,64.3
50,Bangladesh,1990,136.8
50,Bangladesh,1995,170.7
50,Bangladesh,2000,216.1
50,Bangladesh,2005,276.8
50,Bangladesh,2010,371.7
50,Bangladesh,2015,448.6
50,Bangladesh,2018,582.4
52,Barbados,1990,3.7
52,Barbados,1995,3.5
52,Barbados,2000,4.2
52,Barbados,2005,4.4
52,Barbados,2010,4.6
52,Barbados,2015,4.6
52,Barbados,2018,4.8
112,Belarus,1990,85.2
112,Belarus,1995,55.7
112,Belarus,2000,75.6
112,Belarus,2005,108.5
112,Belarus,2010,154.3
112,Belarus,2015,165.7
112,Belarus,2018,163.6
56,Belgium,1990,305.5
56,Belgium,1995,330.6
56,Belgium,2000,381.2
56,Belgium,2005,417.1
56,Belgium,2010,447.7
56,Belgium,2015,461.0
56,Belgium,2018,486.2
84,Belize,1990,1
84,Belize,1995,1.3
84,Belize,2000,1.7
84,Belize,2005,2.2
84,Belize,2010,2.5
84,Belize,2015,2.7
84,Belize,2018,2.9
204,Benin,1990,7.3
204,Benin,1995,8.9
204,Benin,2000,11.4
204,Benin,2005,13.9
204,Benin,2010,16.7
204,Benin,2015,19.3
204,Benin,2018,23.2
64,Bhutan,1990,1.2
64,Bhutan,1995,1.5
64,Bhutan,2000,2
64,Bhutan,2005,3
64,Bhutan,2010,4.7
64,Bhutan,2015,5.5
64,Bhutan,2018,6.9
68,Bolivia (Plurinational State of),1990,25.4
68,Bolivia (Plurinational State of),1995,31.1
68,Bolivia (Plurinational State of),2000,36.8
68,Bolivia (Plurinational State of),2005,42.8
68,Bolivia (Plurinational State of),2010,53.6
68,Bolivia (Plurinational State of),2015,63.2
68,Bolivia (Plurinational State of),2018,76.1
72,Botswana,1990,10.9
72,Botswana,1995,13.7
72,Botswana,2000,17.6
72,Botswana,2005,21
72,Botswana,2010,26.3
72,Botswana,2015,31.3
72,Botswana,2018,35.8
76,Brazil,1990,1540.9
76,Brazil,1995,1792.3
76,Brazil,2000,1993.1
76,Brazil,2005,2299
76,Brazil,2010,2861.2
76,Brazil,2015,3059.4
76,Brazil,2018,2959.4
96,Brunei Darussalam,1990,21.9
96,Brunei Darussalam,1995,25.6
96,Brunei Darussalam,2000,27.3
96,Brunei Darussalam,2005,30.3
96,Brunei Darussalam,2010,31.3
96,Brunei Darussalam,2015,32.0
96,Brunei Darussalam,2018,30.7
100,Bulgaria,1990,81.1
100,Bulgaria,1995,71
100,Bulgaria,2000,72.2
100,Bulgaria,2005,95.1
100,Bulgaria,2010,113
100,Bulgaria,2015,117.2
100,Bulgaria,2018,131.4
854,Burkina Faso,1990,7.4
854,Burkina Faso,1995,9
854,Burkina Faso,2000,12.5
854,Burkina Faso,2005,17
854,Burkina Faso,2010,22.2
854,Burkina Faso,2015,26.5
854,Burkina Faso,2018,32.6
108,Burundi,1990,5.6
108,Burundi,1995,4.9
108,Burundi,2000,4.6
108,Burundi,2005,5.1
108,Burundi,2010,6.4
108,Burundi,2015,7.1
108,Burundi,2018,7.3
132,Cabo Verde,1990,0.6
132,Cabo Verde,1995,0.9
132,Cabo Verde,2000,1.7
132,Cabo Verde,2005,2.2
132,Cabo Verde,2010,2.9
132,Cabo Verde,2015,3.1
132,Cabo Verde,2018,3.4
120,Cameroon,1990,35.4
120,Cameroon,1995,32.1
120,Cameroon,2000,39.8
120,Cameroon,2005,49.3
120,Cameroon,2010,58.5
120,Cameroon,2015,67.6
120,Cameroon,2018,81.5
124,Canada,1990,869.1
124,Canada,1995,945.9
124,Canada,2000,1151.8
124,Canada,2005,1307.7
124,Canada,2010,1384
124,Canada,2015,1486.8
124,Canada,2018,1596.9
140,Central African Republic,1990,2.8
140,Central African Republic,1995,2.9
140,Central African Republic,2000,3.1
140,Central African Republic,2005,3.4
140,Central African Republic,2010,4.3
140,Central African Republic,2015,3.7
140,Central African Republic,2018,3.5
148,Chad,1990,6.6
148,Chad,1995,7.3
148,Chad,2000,8.3
148,Chad,2005,18.1
148,Chad,2010,22.9
148,Chad,2015,26.3
148,Chad,2018,26.8
152,Chile,1990,119.1
152,Chile,1995,174
152,Chile,2000,218.5
152,Chile,2005,274.6
152,Chile,2010,330.4
152,Chile,2015,379.0
152,Chile,2018,415.6
156,China,1990,1727.7
156,China,1995,3080.3
156,China,2000,4659.1
156,China,2005,7434.9
156,China,2010,12705.6
156,China,2015,16206.3
156,China,2018,21167.1
170,Colombia,1990,255.8
170,Colombia,1995,318.5
170,Colombia,2000,333.4
170,Colombia,2005,398.3
170,Colombia,2010,495.5
170,Colombia,2015,578.2
170,Colombia,2018,647.7
174,Comoros,1990,1.1
174,Comoros,1995,1.1
174,Comoros,2000,1.3
174,Comoros,2005,1.5
174,Comoros,2010,1.7
174,Comoros,2015,1.8
174,Comoros,2018,2.0
178,Congo,1990,12.5
178,Congo,1995,12.8
178,Congo,2000,14.5
178,Congo,2005,17.6
178,Congo,2010,22.8
178,Congo,2015,25.6
178,Congo,2018,26.4
188,Costa Rica,1990,24.2
188,Costa Rica,1995,31.4
188,Costa Rica,2000,38.8
188,Costa Rica,2005,46.8
188,Costa Rica,2010,59.1
188,Costa Rica,2015,66.3
188,Costa Rica,2018,76.2
196,Cyprus,1990,13
196,Cyprus,1995,16.6
196,Cyprus,2000,20.4
196,Cyprus,2005,24.8
196,Cyprus,2010,28.1
196,Cyprus,2015,26.6
196,Cyprus,2018,28.5
203,Czechia,1990,206.9
203,Czechia,1995,199
203,Czechia,2000,217.3
203,Czechia,2005,263.3
203,Czechia,2010,297
203,Czechia,2015,306.0
203,Czechia,2018,343.6
208,Denmark,1990,173.7
208,Denmark,1995,194.9
208,Denmark,2000,226.1
208,Denmark,2005,241.5
208,Denmark,2010,244.1
208,Denmark,2015,252.0
208,Denmark,2018,271.8
212,Dominica,1990,0.5
212,Dominica,1995,0.5
212,Dominica,2000,0.6
212,Dominica,2005,0.6
212,Dominica,2010,0.7
212,Dominica,2015,0.7
212,Dominica,2018,0.7
214,Dominican Republic,1990,39.3
214,Dominican Republic,1995,51.4
214,Dominican Republic,2000,70.2
214,Dominican Republic,2005,83.2
214,Dominican Republic,2010,110.2
214,Dominican Republic,2015,125.1
214,Dominican Republic,2018,158.6
218,Ecuador,1990,76.3
218,Ecuador,1995,88.4
218,Ecuador,2000,93.3
218,Ecuador,2005,118.2
218,Ecuador,2010,139.7
218,Ecuador,2015,164.8
218,Ecuador,2018,174.9
818,Egypt,1990,331.1
818,Egypt,1995,391.6
818,Egypt,2000,516.5
818,Egypt,2005,614.5
818,Egypt,2010,829.2
818,Egypt,2015,888.4
818,Egypt,2018,1033.8
222,El Salvador,1990,23.8
222,El Salvador,1995,30
222,El Salvador,2000,33
222,El Salvador,2005,35.6
222,El Salvador,2010,38.8
222,El Salvador,2015,42.3
222,El Salvador,2018,46.3
226,Equatorial Guinea,1990,0.4
226,Equatorial Guinea,1995,0.9
226,Equatorial Guinea,2000,6.6
226,Equatorial Guinea,2005,23.8
226,Equatorial Guinea,2010,32.1
226,Equatorial Guinea,2015,34.9
226,Equatorial Guinea,2018,28.3
231,Ethiopia,1990,31.4
231,Ethiopia,1995,32.9
231,Ethiopia,2000,41.1
231,Ethiopia,2005,56.2
231,Ethiopia,2010,94.2
231,Ethiopia,2015,127.2
231,Ethiopia,2018,182.4
242,Fiji,1990,4.3
242,Fiji,1995,4.9
242,Fiji,2000,5.4
242,Fiji,2005,6.1
242,Fiji,2010,6.3
242,Fiji,2015,7.0
242,Fiji,2018,8.2
246,Finland,1990,144.1
246,Finland,1995,141
246,Finland,2000,180.6
246,Finland,2005,205.2
246,Finland,2010,213.7
246,Finland,2015,215.4
246,Finland,2018,225.7
250,France,1990,1715.9
250,France,1995,1829.5
250,France,2000,2114
250,France,2005,2298.1
250,France,2010,2394
250,France,2015,2476.1
250,France,2018,2600.6
266,Gabon,1990,18.6
266,Gabon,1995,21.6
266,Gabon,2000,21.9
266,Gabon,2005,23.6
266,Gabon,2010,25.2
266,Gabon,2015,29.8
266,Gabon,2018,33.4
270,Gambia,1990,1.4
270,Gambia,1995,1.5
270,Gambia,2000,1.9
270,Gambia,2005,2.2
270,Gambia,2010,2.8
270,Gambia,2015,2.9
270,Gambia,2018,3.3
268,Georgia,1990,38.3
268,Georgia,1995,10.8
268,Georgia,2000,14.4
268,Georgia,2005,20.5
268,Georgia,2010,26.4
268,Georgia,2015,31.1
268,Georgia,2018,36.2
276,Germany,1990,2485.2
276,Germany,1995,2748.7
276,Germany,2000,3022.5
276,Germany,2005,3109.4
276,Germany,2010,3306.1
276,Germany,2015,3493.2
276,Germany,2018,3749.2
288,Ghana,1990,28.1
288,Ghana,1995,34.6
288,Ghana,2000,42.8
288,Ghana,2005,54.7
288,Ghana,2010,75
288,Ghana,2015,97.6
288,Ghana,2018,117.5
300,Greece,1990,210.9
300,Greece,1995,224.4
300,Greece,2000,268.4
300,Greece,2005,324.8
300,Greece,2010,319.5
300,Greece,2015,268.7
300,Greece,2018,265.0
308,Grenada,1990,0.7
308,Grenada,1995,0.7
308,Grenada,2000,1
308,Grenada,2005,1.2
308,Grenada,2010,1.2
308,Grenada,2015,1.3
308,Grenada,2018,1.5
320,Guatemala,1990,47.3
320,Guatemala,1995,58.3
320,Guatemala,2000,70.7
320,Guatemala,2005,82.1
320,Guatemala,2010,98.2
320,Guatemala,2015,109.9
320,Guatemala,2018,125.8
324,Guinea,1990,8.5
324,Guinea,1995,10.3
324,Guinea,2000,12.5
324,Guinea,2005,14.6
324,Guinea,2010,17
324,Guinea,2015,19.7
324,Guinea,2018,26.4
624,Guinea-Bissau,1990,1.6
624,Guinea-Bissau,1995,1.9
624,Guinea-Bissau,2000,1.7
624,Guinea-Bissau,2005,1.8
624,Guinea-Bissau,2010,2.2
624,Guinea-Bissau,2015,2.4
624,Guinea-Bissau,2018,2.9
328,Guyana,1990,2.1
328,Guyana,1995,3
328,Guyana,2000,3.4
328,Guyana,2005,3.5
328,Guyana,2010,4.4
328,Guyana,2015,5.0
328,Guyana,2018,5.7
332,Haiti,1990,14.9
332,Haiti,1995,13.1
332,Haiti,2000,14.9
332,Haiti,2005,14.5
332,Haiti,2010,15
332,Haiti,2015,16.9
332,Haiti,2018,18.2
340,Honduras,1990,15.9
340,Honduras,1995,18.5
340,Honduras,2000,21.7
340,Honduras,2005,27.3
340,Honduras,2010,32.5
340,Honduras,2015,36.2
340,Honduras,2018,42.0
352,Iceland,1990,7.7
352,Iceland,1995,7.8
352,Iceland,2000,9.8
352,Iceland,2005,12.1
352,Iceland,2010,12.8
352,Iceland,2015,13.7
352,Iceland,2018,16.4
356,India,1990,1664.2
356,India,1995,2132.2
356,India,2000,2863.6
356,India,2005,3914.5
356,India,2010,5494.1
356,India,2015,6571.8
356,India,2018,8731.5
360,Indonesia,1990,839.2
360,Indonesia,1995,1184.3
360,Indonesia,2000,1228.2
360,Indonesia,2005,1547.2
360,Indonesia,2010,2045.3
360,Indonesia,2015,2426.6
360,Indonesia,2018,2957.2
364,Iran (Islamic Republic of),1990,640.6
364,Iran (Islamic Republic of),1995,753.5
364,Iran (Islamic Republic of),2000,868.7
364,Iran (Islamic Republic of),2005,1099.7
364,Iran (Islamic Republic of),2010,1338
364,Iran (Islamic Republic of),2015,1309.9
364,Iran (Islamic Republic of),2018,1522.1
368,Iraq,1990,201.3
368,Iraq,1995,132.6
368,Iraq,2000,287
368,Iraq,2005,294.3
368,Iraq,2010,391.2
368,Iraq,2015,493.5
368,Iraq,2018,599.0
372,Ireland,1990,76.1
372,Ireland,1995,95.5
372,Ireland,2000,149.9
372,Ireland,2005,193.8
372,Ireland,2010,198.4
372,Ireland,2015,226.5
372,Ireland,2018,320.1
376,Israel,1990,96.6
376,Israel,1995,133.7
376,Israel,2000,168.5
376,Israel,2005,184.4
376,Israel,2010,226.2
376,Israel,2015,252.7
376,Israel,2018,289.4
380,Italy,1990,1766.3
380,Italy,1995,1884.5
380,Italy,2000,2080.4
380,Italy,2005,2179.9
380,Italy,2010,2145.9
380,Italy,2015,2092.6
380,Italy,2018,2135.7
388,Jamaica,1990,17.7
388,Jamaica,1995,21.4
388,Jamaica,2000,21.1
388,Jamaica,2005,23.1
388,Jamaica,2010,22.5
388,Jamaica,2015,23.0
388,Jamaica,2018,23.9
392,Japan,1990,3778.1
392,Japan,1995,4067.4
392,Japan,2000,4296.4
392,Japan,2005,4556.1
392,Japan,2010,4578.5
392,Japan,2015,4702.3
392,Japan,2018,4914.8
400,Jordan,1990,22.4
400,Jordan,1995,31.6
400,Jordan,2000,37
400,Jordan,2005,50.4
400,Jordan,2010,68.2
400,Jordan,2015,73.9
400,Jordan,2018,81.1
398,Kazakhstan,1990,213.3
398,Kazakhstan,1995,131
398,Kazakhstan,2000,148.1
398,Kazakhstan,2005,242.6
398,Kazakhstan,2010,328
398,Kazakhstan,2015,386.7
398,Kazakhstan,2018,434.5
404,Kenya,1990,55.7
404,Kenya,1995,60.3
404,Kenya,2000,67.1
404,Kenya,2005,80.2
404,Kenya,2010,102.4
404,Kenya,2015,120.6
404,Kenya,2018,149.5
296,Kiribati,1990,0.1
296,Kiribati,1995,0.1
296,Kiribati,2000,0.2
296,Kiribati,2005,0.2
296,Kiribati,2010,0.2
296,Kiribati,2015,0.2
296,Kiribati,2018,0.2
417,Kyrgyzstan,1990,15.3
417,Kyrgyzstan,1995,7.7
417,Kyrgyzstan,2000,10.2
417,Kyrgyzstan,2005,12.2
417,Kyrgyzstan,2010,15.2
417,Kyrgyzstan,2015,17.6
417,Kyrgyzstan,2018,21.0
418,Lao People's Democratic Republic,1990,7.3
418,Lao People's Democratic Republic,1995,9.8
418,Lao People's Democratic Republic,2000,13.2
418,Lao People's Democratic Republic,2005,17.9
418,Lao People's Democratic Republic,2010,26.4
418,Lao People's Democratic Republic,2015,33.3
418,Lao People's Democratic Republic,2018,43.9
422,Lebanon,1990,15.7
422,Lebanon,1995,34.7
422,Lebanon,2000,40.8
422,Lebanon,2005,49.4
422,Lebanon,2010,71.4
422,Lebanon,2015,75.4
422,Lebanon,2018,79.2
426,Lesotho,1990,2.2
426,Lesotho,1995,2.9
426,Lesotho,2000,3.3
426,Lesotho,2005,3.8
426,Lesotho,2010,4.8
426,Lesotho,2015,5.6
426,Lesotho,2018,6.0
442,Luxembourg,1990,22
442,Luxembourg,1995,26.7
442,Luxembourg,2000,35.6
442,Luxembourg,2005,41.2
442,Luxembourg,2010,46.5
442,Luxembourg,2015,49.9
442,Luxembourg,2018,55.7
450,Madagascar,1990,19.2
450,Madagascar,1995,18.9
450,Madagascar,2000,22.8
450,Madagascar,2005,25.5
450,Madagascar,2010,29.3
450,Madagascar,2015,31.5
450,Madagascar,2018,36.4
454,Malawi,1990,7
454,Malawi,1995,8.1
454,Malawi,2000,9.9
454,Malawi,2005,11
454,Malawi,2010,15.7
454,Malawi,2015,17.7
454,Malawi,2018,20.4
458,Malaysia,1990,190.3
458,Malaysia,1995,299.3
458,Malaysia,2000,378.2
458,Malaysia,2005,476.7
458,Malaysia,2010,593.4
458,Malaysia,2015,694.7
458,Malaysia,2018,845.9
466,Mali,1990,10.8
466,Mali,1995,12.6
466,Mali,2000,16
466,Mali,2005,22.5
466,Mali,2010,28.2
466,Mali,2015,30.5
466,Mali,2018,37.4
470,Malta,1990,5.7
470,Malta,1995,7.5
470,Malta,2000,9.6
470,Malta,2005,10.6
470,Malta,2010,11.7
470,Malta,2015,13.2
470,Malta,2018,17.3
584,Marshall Islands,1990,0.1
584,Marshall Islands,1995,0.2
584,Marshall Islands,2000,0.2
584,Marshall Islands,2005,0.2
584,Marshall Islands,2010,0.2
584,Marshall Islands,2015,0.2
584,Marshall Islands,2018,0.2
478,Mauritania,1990,5.7
478,Mauritania,1995,6.7
478,Mauritania,2000,7.5
478,Mauritania,2005,9.3
478,Mauritania,2010,12
478,Mauritania,2015,14.0
478,Mauritania,2018,15.9
480,Mauritius,1990,8
480,Mauritius,1995,10.2
480,Mauritius,2000,13.4
480,Mauritius,2005,15.8
480,Mauritius,2010,19.9
480,Mauritius,2015,22.2
480,Mauritius,2018,25.7
484,Mexico,1990,1139.9
484,Mexico,1995,1233.1
484,Mexico,2000,1595.3
484,Mexico,2005,1712.9
484,Mexico,2010,1843.8
484,Mexico,2015,2019.2
484,Mexico,2018,2239.4
583,Micronesia (Federated States of),1990,0.3
583,Micronesia (Federated States of),1995,0.3
583,Micronesia (Federated States of),2000,0.3
583,Micronesia (Federated States of),2005,0.3
583,Micronesia (Federated States of),2010,0.3
583,Micronesia (Federated States of),2015,0.3
583,Micronesia (Federated States of),2018,0.4
496,Mongolia,1990,11.2
496,Mongolia,1995,9.8
496,Mongolia,2000,11.2
496,Mongolia,2005,15.3
496,Mongolia,2010,20.9
496,Mongolia,2015,30.0
496,Mongolia,2018,36.4
504,Morocco,1990,98.2
504,Morocco,1995,107
504,Morocco,2000,130.8
504,Morocco,2005,166
504,Morocco,2010,211.9
504,Morocco,2015,239.5
504,Morocco,2018,270.4
508,Mozambique,1990,5
508,Mozambique,1995,5.9
508,Mozambique,2000,10.1
508,Mozambique,2005,15.5
508,Mozambique,2010,22.2
508,Mozambique,2015,27.5
508,Mozambique,2018,33.7
104,Myanmar,1990,30.2
104,Myanmar,1995,40.1
104,Myanmar,2000,60.2
104,Myanmar,2005,110.3
104,Myanmar,2010,186.6
104,Myanmar,2015,230.1
104,Myanmar,2018,299.4
516,Namibia,1990,8.2
516,Namibia,1995,9.9
516,Namibia,2000,11.7
516,Namibia,2005,14.9
516,Namibia,2010,18.4
516,Namibia,2015,21.6
516,Namibia,2018,24.3
524,Nepal,1990,22.5
524,Nepal,1995,28.9
524,Nepal,2000,36.6
524,Nepal,2005,43.2
524,Nepal,2010,53.7
524,Nepal,2015,61.0
524,Nepal,2018,71.7
528,Netherlands,1990,483
528,Netherlands,1995,541
528,Netherlands,2000,669.1
528,Netherlands,2005,715.3
528,Netherlands,2010,766
528,Netherlands,2015,778.3
528,Netherlands,2018,835.5
554,New Zealand,1990,80
554,New Zealand,1995,93.7
554,New Zealand,2000,108.4
554,New Zealand,2005,132
554,New Zealand,2010,140.2
554,New Zealand,2015,151.7
554,New Zealand,2018,172.7
558,Nicaragua,1990,12.4
558,Nicaragua,1995,13.6
558,Nicaragua,2000,17.3
558,Nicaragua,2005,20.2
558,Nicaragua,2010,23.1
558,Nicaragua,2015,27.5
558,Nicaragua,2018,32.1
562,Niger,1990,7.2
562,Niger,1995,7.4
562,Niger,2000,8.6
562,Niger,2005,10.4
562,Niger,2010,13.4
562,Niger,2015,16.1
562,Niger,2018,19.9
566,Nigeria,1990,320
566,Nigeria,1995,323
566,Nigeria,2000,375.3
566,Nigeria,2005,572.3
566,Nigeria,2010,806.1
566,Nigeria,2015,942.1
566,Nigeria,2018,1025.3
578,Norway,1990,181.6
578,Norway,1995,218.2
578,Norway,2000,260.7
578,Norway,2005,290.6
578,Norway,2010,304.8
578,Norway,2015,320.3
578,Norway,2018,342.3
512,Oman,1990,63.5
512,Oman,1995,84.5
512,Oman,2000,99.7
512,Oman,2005,104.1
512,Oman,2010,137.9
512,Oman,2015,153.7
512,Oman,2018,176.0
586,Pakistan,1990,329
586,Pakistan,1995,412.4
586,Pakistan,2000,484.1
586,Pakistan,2005,617.7
586,Pakistan,2010,730.6
586,Pakistan,2015,815.5
586,Pakistan,2018,992.0
591,Panama,1990,19.4
591,Panama,1995,25.4
591,Panama,2000,32.2
591,Panama,2005,39.8
591,Panama,2010,56.9
591,Panama,2015,73.6
591,Panama,2018,90.9
598,Papua New Guinea,1990,10.2
598,Papua New Guinea,1995,15.5
598,Papua New Guinea,2000,15.3
598,Papua New Guinea,2005,17
598,Papua New Guinea,2010,22.7
598,Papua New Guinea,2015,26.2
598,Papua New Guinea,2018,32.6
600,Paraguay,1990,33.5
600,Paraguay,1995,41.6
600,Paraguay,2000,42.5
600,Paraguay,2005,46.7
600,Paraguay,2010,60.9
600,Paraguay,2015,68.1
600,Paraguay,2018,80.7
604,Peru,1990,116
604,Peru,1995,149.7
604,Peru,2000,170.1
604,Peru,2005,209.7
604,Peru,2010,292.5
604,Peru,2015,343.5
604,Peru,2018,395.6
608,Philippines,1990,248.4
608,Philippines,1995,276.5
608,Philippines,2000,329.4
608,Philippines,2005,412.3
608,Philippines,2010,524.6
608,Philippines,2015,620.7
608,Philippines,2018,797.3
616,Poland,1990,391.6
616,Poland,1995,436.1
616,Poland,2000,563.6
616,Poland,2005,656.2
616,Poland,2010,828.2
616,Poland,2015,907.4
616,Poland,2018,1040.4
620,Portugal,1990,201.3
620,Portugal,1995,219.1
620,Portugal,2000,267.5
620,Portugal,2005,279.3
620,Portugal,2010,288
620,Portugal,2015,273.7
620,Portugal,2018,288.2
642,Romania,1990,265.6
642,Romania,1995,236.5
642,Romania,2000,233.8
642,Romania,2005,307.6
642,Romania,2010,353.7
642,Romania,2015,382.8
642,Romania,2018,455.5
643,Russian Federation,1990,3094.5
643,Russian Federation,1995,1922.3
643,Russian Federation,2000,2079.3
643,Russian Federation,2005,2800.3
643,Russian Federation,2010,3332.1
643,Russian Federation,2015,3610.4
643,Russian Federation,2018,3688.2
646,Rwanda,1990,6.3
646,Rwanda,1995,4
646,Rwanda,2000,6.4
646,Rwanda,2005,9.4
646,Rwanda,2010,14
646,Rwanda,2015,17.5
646,Rwanda,2018,22.9
659,Saint Kitts and Nevis,1990,0.6
659,Saint Kitts and Nevis,1995,0.8
659,Saint Kitts and Nevis,2000,1
659,Saint Kitts and Nevis,2005,1.2
659,Saint Kitts and Nevis,2010,1.2
659,Saint Kitts and Nevis,2015,1.3
659,Saint Kitts and Nevis,2018,1.4
662,Saint Lucia,1990,1.3
662,Saint Lucia,1995,1.5
662,Saint Lucia,2000,1.7
662,Saint Lucia,2005,1.8
662,Saint Lucia,2010,2
662,Saint Lucia,2015,2.1
662,Saint Lucia,2018,2.2
670,Saint Vincent and the Grenadines,1990,0.6
670,Saint Vincent and the Grenadines,1995,0.7
670,Saint Vincent and the Grenadines,2000,0.8
670,Saint Vincent and the Grenadines,2005,1
670,Saint Vincent and the Grenadines,2010,1.1
670,Saint Vincent and the Grenadines,2015,1.1
670,Saint Vincent and the Grenadines,2018,1.2
882,Samoa,1990,0.6
882,Samoa,1995,0.6
882,Samoa,2000,0.8
882,Samoa,2005,1
882,Samoa,2010,1
882,Samoa,2015,1.1
882,Samoa,2018,1.2
682,Saudi Arabia,1990,693.2
682,Saudi Arabia,1995,824
682,Saudi Arabia,2000,894.3
682,Saudi Arabia,2005,1088.6
682,Saudi Arabia,2010,1245.7
682,Saudi Arabia,2015,1487.3
682,Saudi Arabia,2018,1631.3
686,Senegal,1990,17.5
686,Senegal,1995,19.4
686,Senegal,2000,23.7
686,Senegal,2005,29.7
686,Senegal,2010,35.2
686,Senegal,2015,39.3
686,Senegal,2018,49.8
690,Seychelles,1990,1
690,Seychelles,1995,1.1
690,Seychelles,2000,1.5
690,Seychelles,2005,1.5
690,Seychelles,2010,1.8
690,Seychelles,2015,2.1
690,Seychelles,2018,2.5
694,Sierra Leone,1990,5.4
694,Sierra Leone,1995,4.1
694,Sierra Leone,2000,4.2
694,Sierra Leone,2005,6
694,Sierra Leone,2010,7.8
694,Sierra Leone,2015,10.1
694,Sierra Leone,2018,10.5
702,Singapore,1990,106.4
702,Singapore,1995,160.7
702,Singapore,2000,210.9
702,Singapore,2005,267.2
702,Singapore,2010,370.9
702,Singapore,2015,429.4
702,Singapore,2018,491.8
705,Slovenia,1990,37.8
705,Slovenia,1995,36.7
705,Slovenia,2000,45.2
705,Slovenia,2005,53.9
705,Slovenia,2010,58.8
705,Slovenia,2015,58.4
705,Slovenia,2018,64.8
90,Solomon Islands,1990,0.6
90,Solomon Islands,1995,0.9
90,Solomon Islands,2000,0.8
90,Solomon Islands,2005,0.8
90,Solomon Islands,2010,1
90,Solomon Islands,2015,1.2
90,Solomon Islands,2018,1.4
710,South Africa,1990,364.3
710,South Africa,1995,380.1
710,South Africa,2000,436.2
710,South Africa,2005,526.4
710,South Africa,2010,613.2
710,South Africa,2015,660.9
710,South Africa,2018,695.7
724,Spain,1990,923.4
724,Spain,1995,995.1
724,Spain,2000,1215.7
724,Spain,2005,1436.3
724,Spain,2010,1514.1
724,Spain,2015,1467.4
724,Spain,2018,1595.0
144,Sri Lanka,1990,62.6
144,Sri Lanka,1995,81.4
144,Sri Lanka,2000,104.1
144,Sri Lanka,2005,126.4
144,Sri Lanka,2010,172.3
144,Sri Lanka,2015,211.0
144,Sri Lanka,2018,250.9
729,Sudan,1990,45.2
729,Sudan,1995,58
729,Sudan,2000,77.6
729,Sudan,2005,105.9
729,Sudan,2010,149.6
729,Sudan,2015,154.4
729,Sudan,2018,177.1
740,Suriname,1990,4.2
740,Suriname,1995,4.2
740,Suriname,2000,4.6
740,Suriname,2005,6
740,Suriname,2010,7.5
740,Suriname,2015,8.2
740,Suriname,2018,7.8
752,Sweden,1990,265.1
752,Sweden,1995,274.7
752,Sweden,2000,327.4
752,Sweden,2005,372.6
752,Sweden,2010,403.2
752,Sweden,2015,424.2
752,Sweden,2018,470.0
756,Switzerland,1990,323.6
756,Switzerland,1995,325.7
756,Switzerland,2000,364.8
756,Switzerland,2005,392.5
756,Switzerland,2010,437.1
756,Switzerland,2015,458.8
756,Switzerland,2018,491.7
762,Tajikistan,1990,19.3
762,Tajikistan,1995,7.4
762,Tajikistan,2000,7.4
762,Tajikistan,2005,11.7
762,Tajikistan,2010,16.1
762,Tajikistan,2015,20.0
762,Tajikistan,2018,26.0
764,Thailand,1990,376.3
764,Thailand,1995,558.1
764,Thailand,2000,578.5
764,Thailand,2005,754.1
764,Thailand,2010,906.4
764,Thailand,2015,993.1
764,Thailand,2018,1128.1
768,Togo,1990,4.9
768,Togo,1995,4.9
768,Togo,2000,6.1
768,Togo,2005,6.4
768,Togo,2010,8
768,Togo,2015,9.6
768,Togo,2018,11.8
776,Tonga,1990,0.3
776,Tonga,1995,0.4
776,Tonga,2000,0.5
776,Tonga,2005,0.5
776,Tonga,2010,0.5
776,Tonga,2015,0.5
776,Tonga,2018,0.6
780,Trinidad and Tobago,1990,13.3
780,Trinidad and Tobago,1995,16.2
780,Trinidad and Tobago,2000,23.2
780,Trinidad and Tobago,2005,34.3
780,Trinidad and Tobago,2010,41.5
780,Trinidad and Tobago,2015,42.3
780,Trinidad and Tobago,2018,39.9
788,Tunisia,1990,46.2
788,Tunisia,1995,55.9
788,Tunisia,2000,73.5
788,Tunisia,2005,88.9
788,Tunisia,2010,111
788,Tunisia,2015,116.0
788,Tunisia,2018,125.5
792,Turkey,1990,614.7
792,Turkey,1995,720
792,Turkey,2000,876.6
792,Turkey,2005,1107.5
792,Turkey,2010,1298.9
792,Turkey,2015,1630.6
792,Turkey,2018,2000.0
795,Turkmenistan,1990,30.6
795,Turkmenistan,1995,19.4
795,Turkmenistan,2000,24.1
795,Turkmenistan,2005,30.9
795,Turkmenistan,2010,50.6
795,Turkmenistan,2015,71.0
795,Turkmenistan,2018,94.4
798,Tuvalu,1990,0
798,Tuvalu,1995,0
798,Tuvalu,2000,0
798,Tuvalu,2005,0
798,Tuvalu,2010,0
798,Tuvalu,2015,0.0
798,Tuvalu,2018,0.0
800,Uganda,1990,13.4
800,Uganda,1995,18.8
800,Uganda,2000,25.2
800,Uganda,2005,34.9
800,Uganda,2010,51.4
800,Uganda,2015,61.1
800,Uganda,2018,73.4
804,Ukraine,1990,543
804,Ukraine,1995,260.6
804,Ukraine,2000,235.9
804,Ukraine,2005,342.9
804,Ukraine,2010,358.9
804,Ukraine,2015,362.3
804,Ukraine,2018,336.7
784,United Arab Emirates,1990,205.4
784,United Arab Emirates,1995,247.3
784,United Arab Emirates,2000,323.8
784,United Arab Emirates,2005,420.4
784,United Arab Emirates,2010,473.4
784,United Arab Emirates,2015,556.0
784,United Arab Emirates,2018,633.9
858,Uruguay,1990,30.6
858,Uruguay,1995,37.1
858,Uruguay,2000,42.8
858,Uruguay,2005,43.2
858,Uruguay,2010,57.6
858,Uruguay,2015,65.0
858,Uruguay,2018,70.8
860,Uzbekistan,1990,63.4
860,Uzbekistan,1995,51.4
860,Uzbekistan,2000,62.1
860,Uzbekistan,2005,80.6
860,Uzbekistan,2010,121.1
860,Uzbekistan,2015,153.4
860,Uzbekistan,2018,196.2
548,Vanuatu,1990,0.4
548,Vanuatu,1995,0.4
548,Vanuatu,2000,0.5
548,Vanuatu,2005,0.5
548,Vanuatu,2010,0.7
548,Vanuatu,2015,0.7
548,Vanuatu,2018,0.8
862,Venezuela (Bolivarian Republic of),1990,287
862,Venezuela (Bolivarian Republic of),1995,340
862,Venezuela (Bolivarian Republic of),2000,353
862,Venezuela (Bolivarian Republic of),2005,400.4
862,Venezuela (Bolivarian Republic of),2010,480.3
862,Venezuela (Bolivarian Republic of),2015,518.8
862,Venezuela (Bolivarian Republic of),2018,514.7
704,Viet Nam,1990,99.1
704,Viet Nam,1995,147
704,Viet Nam,2000,205.7
704,Viet Nam,2005,287.1
704,Viet Nam,2010,390
704,Viet Nam,2015,463.4
704,Viet Nam,2018,591.1
887,Yemen,1990,40.1
887,Yemen,1995,54.1
887,Yemen,2000,69.6
887,Yemen,2005,85.5
887,Yemen,2010,105.7
887,Yemen,2015,93.4
887,Yemen,2018,67.7
894,Zambia,1990,18.8
894,Zambia,1995,18.5
894,Zambia,2000,22.1
894,Zambia,2005,29.9
894,Zambia,2010,45.4
894,Zambia,2015,53.8
894,Zambia,2018,62.8
716,Zimbabwe,1990,29.4
716,Zimbabwe,1995,31.2
716,Zimbabwe,2000,35
716,Zimbabwe,2005,23.8
716,Zimbabwe,2010,24.5
716,Zimbabwe,2015,32.5
716,Zimbabwe,2018,36.8
